﻿[
  {
    "outputFile": "_Build/CSS/creator.layout.css",
    "inputFile": "SASS/Creator.Layout.scss"
  },
  {
    "outputFile": "_Build/CSS/creator.controls.css",
    "inputFile": "SASS/Creator.Controls.scss"
  },
  {
    "outputFile": "_Build/SCRIPT/creator.controls.js",
    "inputFile": "SCRIPT/Creator.Controls.js"
  },
  {
    "outputFile": "_Build/SCRIPT/creator.layout.js",
    "inputFile": "SCRIPT/Creator.Layout.js"
  },
  {
    "outputFile": "_Build/SCRIPT/creator.lib.js",
    "inputFile": "SCRIPT/Creator.LIB.js"
  }
]